MANHANVIEN,HOTEN,NGAYSINH,GIOITINH,SDT,EMAIL,DIACHI,CHINHANHLAMVIEC,LUONGHIENTAI
NV00000001,Susan Sanchez,1971-03-25,MALE,0516146604,danielle66@example.com,49506 Everett Wells Suite 469 Zacharyshire IN 94775,CN00000010,18665.4
NV00000002,Kevin Hicks,1990-06-29,FEMALE,0704701928,bbautista@example.com,1385 Paige Mill Apt. 304 Maryview WY 56204,CN00000002,46772.21
NV00000003,Seth Reynolds,1972-03-31,FEMALE,0212513511,jeffery98@example.com,39844 Eric Corner West Kristentown WY 65937,CN00000010,46831.56
NV00000004,Stephanie Vasquez,1993-01-09,FEMALE,0395541777,andrew30@example.com,73054 Callahan Field South Reginaldside CA 40201,CN00000003,40330.5
NV00000005,Meghan Cunningham,1989-05-17,FEMALE,0811784078,watkinsjeff@example.net,975 Michael Islands Garzastad VT 13402,CN00000005,14974.24
NV00000006,Rebecca Chambers,2001-12-10,MALE,0537716737,kelleymatthew@example.org,83831 Brenda Ridge Apt. 722 East Cynthia AR 92571,CN00000001,19994.87
NV00000007,Charles Christensen,1989-05-05,FEMALE,0217113674,adamscott@example.org,03362 Savannah Point Apt. 153 Port Mariomouth SC 74088,CN00000010,7593.78
NV00000008,Christopher Price,1968-08-07,FEMALE,0489195391,jessica09@example.net,3542 Edward Keys Apt. 682 Pearsontown MH 32669,CN00000002,11193.62
NV00000009,Dr. Jackie Curry DVM,1984-09-13,FEMALE,0261671829,devin68@example.org,PSC 2133 Box 5462 APO AP 44673,CN00000008,11958.94
NV00000010,Valerie Alexander,2006-07-29,MALE,0670863865,arnoldnatasha@example.org,723 Molly Turnpike Suite 982 West Michael PR 86938,CN00000007,20528.05
NV00000011,William Macias,1999-12-06,FEMALE,0705284278,tina92@example.net,9185 Deborah Locks Suite 509 Sullivanhaven MH 77115,CN00000002,34778.42
NV00000012,Chase Green,1987-11-11,MALE,0982957812,amy50@example.com,USNV Torres FPO AA 32668,CN00000001,33509.26
NV00000013,Walter Cantrell,2003-08-01,MALE,0854532017,brandon15@example.com,320 Stephanie Corners Lake Fernando ID 92660,CN00000009,27079.93
NV00000014,Donna Hernandez,1970-07-12,FEMALE,0379488418,chase69@example.com,06262 Daniels Lodge Feliciashire ME 52899,CN00000006,6548.02
NV00000015,Teresa Gomez,1997-07-02,FEMALE,0495738131,diana35@example.org,626 Leblanc Cove East Edwardhaven WI 54416,CN00000004,28727.85
NV00000016,Emily Huynh,2000-05-28,MALE,0940357396,douglasmatthews@example.org,108 Gray Station Lake Matthew PR 13698,CN00000002,37407.47
NV00000017,Jo Rose,2002-04-08,FEMALE,0393802417,anthony77@example.com,135 Brown Village Apt. 418 South Baileyton TX 55263,CN00000001,11743.43
NV00000018,Jason Vaughn,1981-07-05,MALE,0181221633,jacobsdaniel@example.com,7982 Tonya Club Suite 405 Stephenstad VT 88115,CN00000008,10567.48
NV00000019,Jeffrey Dalton,1964-09-07,FEMALE,0650807363,kevin19@example.org,82655 Becker Lights East Shelbyfort DE 33952,CN00000002,14842.18
NV00000020,Amanda Newton,1988-11-21,MALE,0941043149,tbrewer@example.com,723 Warner Terrace Apt. 455 Michellemouth ID 68111,CN00000004,47911.32
NV00000021,Sandra Gentry,1986-10-21,MALE,0513926709,phamcarlos@example.com,Unit 3757 Box 1967 DPO AE 55208,CN00000009,22968.71
NV00000022,Alexander Delgado,1993-05-29,FEMALE,0322606985,davidjefferson@example.org,021 Amber Dale Suite 645 Wallaceton CA 48364,CN00000010,36444.67
NV00000023,Alicia Sanford,1991-10-12,MALE,0577471463,david42@example.com,0201 Noble Mill Apt. 935 Port Thomasfurt ME 73987,CN00000009,29481.16
NV00000024,Joel Forbes,1990-04-11,MALE,0705671152,sjohnson@example.com,760 Tyler Circles Suite 912 Lake Derek PR 12565,CN00000008,11331.07
NV00000025,Donna Adams,1964-02-03,FEMALE,0995200185,christopher82@example.com,54859 Andrew Springs South Brenda AS 84598,CN00000003,5389.31
NV00000026,Lacey Lee,1975-11-11,FEMALE,0538490783,millerjenna@example.net,8195 Dakota Trail Port Juan AS 34260,CN00000001,6840.01
NV00000027,Clayton Duarte,1994-12-19,FEMALE,0410163068,brentmeza@example.net,1443 Clark Square Davidland CT 63862,CN00000004,7129.2
NV00000028,Robert Ruiz,1969-05-26,FEMALE,0187247725,dawn31@example.org,87206 Murphy Road Wilsonburgh MA 14863,CN00000001,11144.74
NV00000029,Michael Boyd,1990-08-17,FEMALE,0934186128,bkeith@example.com,32181 Steven Route West Bobborough DC 96986,CN00000010,20848.63
NV00000030,Michael Washington,1976-12-19,FEMALE,0948663994,alan95@example.net,7141 Angela Spurs New Amy DC 56940,CN00000004,44457.57
NV00000031,Jacqueline Wilson,1965-07-13,MALE,0841573966,mmckinney@example.com,965 Charles Ridge Suite 234 Nicholsland VA 65959,CN00000004,44023.49
NV00000032,Thomas Miller,2001-11-30,FEMALE,0800636678,ray24@example.org,35528 Barbara Tunnel Apt. 360 Port Sarah SC 80032,CN00000010,11240.61
NV00000033,Danielle Hall,2002-07-07,MALE,0751834690,melissawright@example.com,61148 Smith Bridge Apt. 430 North Matthewmouth FL 23370,CN00000001,40096.28
NV00000034,Alicia Brown,1965-12-22,FEMALE,0526253380,cwiggins@example.net,92341 John Cliffs Lake Karen OR 12957,CN00000004,30222.58
NV00000035,Joshua Elliott,1991-05-30,MALE,0341548507,richard11@example.org,94837 Patterson Lock Suite 486 Lake Carlos MD 02093,CN00000001,46859.81
NV00000036,Amanda Maxwell,1986-09-04,FEMALE,0174163434,iwilson@example.org,01081 Kenneth Parkway West Jamesbury MA 57089,CN00000009,10182.77
NV00000037,Adam Copeland,1984-06-18,MALE,0978045550,roger12@example.net,5008 Carrie Harbor Apt. 403 Port Joshua NJ 43872,CN00000005,28657.13
NV00000038,Christopher Reyes,1984-09-18,FEMALE,0446774762,leonard30@example.com,74158 Leonard Brooks Suite 367 North Ian PA 81188,CN00000003,38512.07
NV00000039,Kelly Thomas,1997-10-01,MALE,0778469992,roberttaylor@example.com,148 Tammy Isle West Kathryn UT 16009,CN00000002,22313.9
NV00000040,Stacey Miller,1978-02-23,MALE,0137824336,george26@example.org,PSC 1139 Box 1269 APO AE 03643,CN00000002,16123.1
NV00000041,Rita Long,1974-01-09,FEMALE,0292828264,lynnibarra@example.org,685 Bennett Roads East Diamondville NE 05496,CN00000007,39065.43
NV00000042,John Green,2003-11-17,MALE,0703755684,cristinabush@example.net,606 Marshall Villages Amberport CT 48643,CN00000006,26989.46
NV00000043,Amanda Lowe,1983-02-11,MALE,0911599426,qthomas@example.com,0074 Molly Trail Apt. 036 South Rebeccaberg PW 40636,CN00000005,20343.31
NV00000044,Mary Curtis,1976-07-27,MALE,0797537045,hinesbrandon@example.net,33727 Lynch Villages East Alejandro WY 24873,CN00000009,7056.68
NV00000045,Sarah Simmons,2003-08-21,FEMALE,0459310706,hendersonmark@example.net,023 Wang Path Port Ashley NV 82327,CN00000004,23447.68
NV00000046,Kimberly Kelly,1964-09-15,FEMALE,0964626365,michael17@example.net,52594 Hannah Port Kellytown KS 84388,CN00000003,7017.6
NV00000047,Suzanne Shelton,1993-05-03,FEMALE,0294168182,howardkyle@example.com,USCGC Anderson FPO AP 27191,CN00000001,22523.18
NV00000048,Dennis Mason,1981-01-19,FEMALE,0378565171,nlowe@example.net,783 Murray Summit Suite 157 Sarahstad DC 31446,CN00000006,19186.18
NV00000049,Jesse Hodges,1977-08-21,MALE,0888331250,manningaustin@example.net,7682 Shawn Camp Suite 995 New Mark GA 11665,CN00000008,22043.13
NV00000050,Ryan Chandler,1990-08-21,MALE,0789336755,megan81@example.net,0946 Ruth Loop Lake Rebecca KY 89430,CN00000005,31225.44
NV00000051,Megan Roth,1979-10-25,MALE,0722345673,whill@example.org,9014 Fuentes Ramp Suite 983 Nelsonbury TX 87330,CN00000003,22815.11
NV00000052,Ricardo Smith,2000-06-25,MALE,0816330157,ysimpson@example.com,4621 Erica Divide Port Heatherchester WV 01654,CN00000009,25557.22
NV00000053,Samuel Hopkins,1968-11-01,MALE,0817372526,durankelly@example.net,93382 Scott Courts East Marystad GA 56260,CN00000010,38664.53
NV00000054,Allison Adams,1964-04-25,FEMALE,0370012808,udaniels@example.org,66571 Emily Mission North Geraldton TX 31687,CN00000005,26456.39
NV00000055,Regina Rice,2004-07-08,FEMALE,0962233995,fmccarty@example.org,40901 Johnson Oval North Erik ND 39883,CN00000007,28605.66
NV00000056,Anne Garcia,1999-08-22,MALE,0805820078,jeremynorton@example.net,75942 Roger Station Apt. 635 Mejiashire OR 46678,CN00000004,18749.66
NV00000057,Jennifer Randall,1998-12-26,MALE,0193812504,kboone@example.org,99339 Yesenia Crossroad Apt. 726 Andersonstad ME 44159,CN00000009,11607.2
NV00000058,Nicole Robinson,1983-04-12,FEMALE,0869302921,changpatrick@example.com,17144 Gregory Common West Joemouth UT 29930,CN00000004,27917.42
NV00000059,Andrew Rivera Jr.,2002-03-08,MALE,0321873373,parsonsbetty@example.org,75097 Cynthia Plains Apt. 978 Port Randyside AK 73980,CN00000006,43467.79
NV00000060,Stacy Marquez,1975-03-31,FEMALE,0977442152,terristephens@example.net,13743 Douglas Ville Suite 897 Autumnborough SC 95559,CN00000002,21165.19
NV00000061,Nicole Wall,1991-05-21,MALE,0856409224,tanya63@example.net,79213 Phillips Mission Suite 994 Snyderstad UT 93630,CN00000002,43470.83
NV00000062,Kyle Lewis,2005-03-28,MALE,0814926908,dperez@example.org,008 Contreras Well Apt. 978 Port Linda VA 86929,CN00000008,22123.45
NV00000063,Lisa Erickson,1990-09-20,MALE,0675016341,qallen@example.net,008 Oliver Locks Apt. 471 Austinshire MN 02807,CN00000006,38127.07
NV00000064,Sonya Rose,1981-09-22,MALE,0955039477,paulscott@example.net,PSC 3663 Box 4093 APO AE 14579,CN00000004,44295.83
NV00000065,Gabriela Carter,1980-10-14,MALE,0795979846,dillonchristian@example.org,658 Mark Lodge Erikbury DC 81658,CN00000004,20661.57
NV00000066,Thomas Jimenez,1993-06-22,MALE,0838837123,jillianmarshall@example.net,0013 Elizabeth Crossroad Apt. 978 Lewismouth NJ 24469,CN00000001,33496.97
NV00000067,Thomas Reid,1985-09-10,MALE,0399939668,durhamkimberly@example.net,3623 Jerry Pass Suite 106 East Robertmouth IL 59221,CN00000004,13318.65
NV00000068,Sarah Cisneros,1986-03-21,MALE,0339662418,jessehamilton@example.com,148 Peter Islands Gonzalezstad GA 92324,CN00000008,36371.41
NV00000069,Alexandria Little,1967-05-28,FEMALE,0952253918,awyatt@example.com,95074 Perry Avenue Apt. 353 Cartershire MN 24289,CN00000003,13188.27
NV00000070,Wayne Reed,2004-02-28,MALE,0568254308,lruiz@example.org,32331 Tran Rapids Apt. 865 Michaelchester AZ 79198,CN00000009,46690.89
NV00000071,Cassandra Miller,1995-06-01,FEMALE,0860292756,courtneycole@example.org,367 Kelly Lakes Apt. 874 Moralesland LA 43051,CN00000009,48708.54
NV00000072,Reginald Taylor,1964-07-21,FEMALE,0678226326,loripearson@example.net,7826 Underwood Village East Lisaton HI 42440,CN00000002,6588.22
NV00000073,Edward Terry,1986-02-25,FEMALE,0583467985,gcollins@example.org,582 David Well Paulhaven KY 20693,CN00000010,37581.59
NV00000074,Kevin Wheeler,2003-08-21,FEMALE,0256339767,megan92@example.org,007 Grant Roads Suite 612 North Craigfurt MI 49087,CN00000009,43479.01
NV00000075,Maria Lynch,1974-07-31,MALE,0711064164,victoriagibson@example.net,50810 Alvarez Divide Apt. 277 Lozanoshire PR 01873,CN00000001,34829.9
NV00000076,Jose Sullivan,1973-12-01,MALE,0618467936,denisecarrillo@example.org,9164 Gamble Bridge South Donald MP 28480,CN00000004,7890.49
NV00000077,Edward Ortiz,1997-08-28,FEMALE,0839288651,sheri34@example.com,261 Bill Garden Suite 686 Ronaldtown FL 38702,CN00000010,18926.26
NV00000078,Jason Smith,1976-06-01,MALE,0946905851,leonalison@example.com,753 Lindsey Manor Stevenhaven AS 49796,CN00000009,38797.62
NV00000079,Debbie Allen,1985-08-02,FEMALE,0128807069,donaldwalton@example.org,Unit 2923 Box 2807 DPO AE 16629,CN00000010,33947.09
NV00000080,James Dixon DDS,1990-06-27,MALE,0599643067,vbates@example.com,635 Sims Run South Aaron HI 56979,CN00000007,46003.71
NV00000081,Jonathan Walker,1972-03-28,FEMALE,0535372345,smithdavid@example.com,528 Warner Flats Stevenville WY 74350,CN00000005,39296.56
NV00000082,Tara Boyer,1989-12-01,MALE,0876370070,james15@example.net,9359 Herrera Forges New Brittany FM 75821,CN00000006,7108.68
NV00000083,Patrick Rodriguez,1984-07-08,MALE,0834109589,jennifer26@example.com,6480 Caldwell Inlet Suite 812 North Rachelfort ID 77535,CN00000007,17698.32
NV00000084,Jodi Anderson,1990-12-25,MALE,0191966532,qholmes@example.org,96490 Gabrielle Pike Suite 321 Waltonport OR 66031,CN00000008,24470.32
NV00000085,Brandi Pacheco,1990-09-24,MALE,0235867676,ncunningham@example.net,65717 Morgan Walk Apt. 207 Lake Jacob PA 09928,CN00000003,47232.68
NV00000086,Angela Garcia,2001-06-12,MALE,0201788862,mgarcia@example.org,3780 Stephanie Ways Howellshire NJ 71546,CN00000002,23011.96
NV00000087,Susan Abbott,1977-12-27,MALE,0949785036,michelleromero@example.com,810 Kevin Trail Suite 715 Port Michael AR 87958,CN00000006,37927.91
NV00000088,Madison Shepard,1985-11-13,MALE,0466321386,vharris@example.com,4872 Michael Alley Apt. 603 Floresview NY 85098,CN00000002,38593.61
NV00000089,Alexandria Garcia,2002-12-17,FEMALE,0969021163,ilewis@example.com,4536 Brown Dam Apt. 731 New Brandon TX 11630,CN00000009,13483.9
NV00000090,Melissa Chambers,1987-12-24,FEMALE,0189043850,allenbrittany@example.org,67303 Donaldson Center Apt. 471 Byrdmouth VT 95231,CN00000005,19842.0
NV00000091,Jamie Perez,1988-05-24,FEMALE,0207359867,clairemonroe@example.com,243 Gonzalez Views Apt. 545 South Heather OH 81969,CN00000005,40288.8
NV00000092,Natalie Payne,1988-12-19,MALE,0574708797,adamsgina@example.org,PSC 2131 Box 8124 APO AP 77702,CN00000003,38959.9
NV00000093,James Ramirez,2005-11-16,FEMALE,0306490375,harperandrea@example.org,4711 Charles Plains Suite 960 Davisberg NC 61597,CN00000005,41910.76
NV00000094,Megan Gonzalez,1968-08-12,MALE,0470241786,zwong@example.org,687 Hall Mall Port Joshuamouth FM 89617,CN00000004,22340.28
NV00000095,Jerry Chambers,2005-11-13,FEMALE,0494058676,spencerstephanie@example.net,65650 Jeremy Loop Suite 960 Port Michael NJ 94345,CN00000002,15659.55
NV00000096,Melissa Martinez,1998-08-18,MALE,0996096699,bobbydillon@example.org,2734 Mercado Ridge South David CO 34529,CN00000005,41481.93
NV00000097,Colin Wright,2004-10-12,FEMALE,0277632626,carpenterjasmine@example.com,8894 Conley Oval Apt. 230 Port Eric WA 37004,CN00000006,17156.34
NV00000098,Pamela Lewis,1987-05-01,MALE,0399343831,fjohnson@example.org,189 Jerry Key Suite 875 New Carlos OK 14971,CN00000001,40126.57
NV00000099,Roberto Smith,2006-02-22,MALE,0299328747,freese@example.net,336 Jackson Way Apt. 446 Port Angelaland DE 30993,CN00000003,36292.96
NV00000100,Lisa Ray,1995-06-26,FEMALE,0674577731,josephsanchez@example.org,897 Nancy Field Douglasfurt OH 73765,CN00000003,32990.76
NV00000101,Brian Bailey,1979-02-10,MALE,0692707832,laura29@example.org,34210 William Track Suite 914 Port Jamesside NH 12440,CN00000007,13927.62
NV00000102,Alicia Peters,2003-08-17,MALE,0207235820,stephen37@example.net,89547 Burgess Lodge Suite 536 Port Anthonymouth DE 46638,CN00000007,15986.5
NV00000103,Todd Horton,1992-09-20,FEMALE,0389411669,michellehale@example.com,9687 James Summit West Kelly IL 37424,CN00000003,18206.11
NV00000104,Meghan Buck,1988-09-01,FEMALE,0214526206,rfrost@example.net,PSC 1781 Box 3414 APO AA 86509,CN00000008,28319.91
NV00000105,Julie Rodriguez,1979-03-23,MALE,0300470555,jcurtis@example.org,6358 Fritz Roads Nicoleberg WA 80751,CN00000001,8564.8
NV00000106,Mariah Gordon,2000-10-12,MALE,0762110652,manderson@example.net,4041 Rachel Freeway Carrieside SD 32792,CN00000002,15504.96
NV00000107,Gina Smith,2005-12-07,MALE,0947153300,gabriel69@example.net,PSC 3811 Box 0043 APO AP 87274,CN00000001,18481.96
NV00000108,David Nguyen,1971-11-24,FEMALE,0764101584,michael00@example.org,PSC 3760 Box 3646 APO AE 27644,CN00000008,15248.26
NV00000109,Zachary Mayo,1967-05-31,MALE,0987834957,dwayne39@example.net,2341 James Shoals South Amandafort KY 14584,CN00000001,49589.43
NV00000110,Cameron Saunders,1972-03-08,MALE,0464814626,kristinperry@example.com,18136 Bond Viaduct East Stephanieton MP 88676,CN00000001,41062.79
NV00000111,John Curry,1964-08-15,FEMALE,0179319843,mcdonaldrichard@example.com,1364 Shannon Shores Suite 689 Port Stevenbury MS 73509,CN00000008,37120.86
NV00000112,Whitney Cross,1996-12-05,MALE,0667583639,teresahill@example.net,262 Douglas Springs Suite 292 Joseburgh WI 80056,CN00000004,9525.48
NV00000113,Jesse Morgan,1972-02-02,MALE,0170515490,wongjill@example.net,8198 Perez Cape Leachmouth WY 52737,CN00000003,8135.79
NV00000114,Steven Barker,1967-01-27,MALE,0589139929,kimberlyarnold@example.net,922 Diana Isle Suite 189 South Tyler AL 88237,CN00000006,30190.23
NV00000115,Jonathan Moreno,1994-10-03,FEMALE,0514938947,dadams@example.org,37905 Jeffrey Extension New Seanland UT 75774,CN00000007,23403.09
NV00000116,Cameron Smith,2005-05-21,MALE,0588698429,afletcher@example.org,44866 Smith Crest Suite 969 North David AS 39030,CN00000009,47949.4
NV00000117,Brooke Mason,1994-03-28,FEMALE,0439910704,carla13@example.com,618 Karen Springs Lake Duaneborough WV 70929,CN00000006,24772.92
NV00000118,Michelle Hopkins,1980-06-02,FEMALE,0969262655,hhawkins@example.net,USCGC Vaughan FPO AE 98060,CN00000004,49014.61
NV00000119,Wesley Spencer,1984-07-13,MALE,0942304056,darren21@example.net,Unit 8705 Box 2283 DPO AE 62474,CN00000008,19711.0
NV00000120,Marissa Obrien,1984-07-01,FEMALE,0840348199,ryancarter@example.com,221 Tamara Forge Suite 629 Michaelshire AL 83671,CN00000006,31215.21
NV00000121,Mr. Andrew Roberts,1980-03-20,FEMALE,0951151882,james32@example.org,6500 Li Freeway Suite 534 Jamesmouth MT 54621,CN00000010,30701.19
NV00000122,Ann Erickson,1976-07-24,MALE,0800708851,johnsonsarah@example.org,44498 Crystal River Apt. 546 West Wandaborough NV 22093,CN00000007,28778.53
NV00000123,Theresa Collins,1980-11-19,MALE,0672472163,ryandennis@example.net,9919 King Knolls West Hollyhaven OH 09292,CN00000001,48111.64
NV00000124,Jessica Hancock,1989-12-26,FEMALE,0159577370,nkeith@example.net,Unit 0754 Box 7780 DPO AE 35775,CN00000010,30362.7
NV00000125,Megan Carter,1996-10-23,MALE,0116698340,nhayes@example.net,0911 Michelle Via Suite 469 Elizabethchester NM 25381,CN00000010,21038.84
NV00000126,Crystal Ward,1967-04-09,MALE,0635891958,wardashley@example.net,2616 Dominguez Rapid Port Shannon MO 34113,CN00000005,41762.34
NV00000127,Dana Berry,1976-12-01,FEMALE,0886097114,latoyawilson@example.net,94392 Jones Ports Apt. 362 Crawfordborough WY 37563,CN00000006,26343.89
NV00000128,Patrick Wilson,1986-02-12,MALE,0979976353,greennatalie@example.com,6714 Holly Meadows Suite 253 Smithtown ME 66758,CN00000004,20090.15
NV00000129,Gwendolyn Evans,1998-06-05,MALE,0363276749,tammybrown@example.org,6503 Julie Gardens West Bradberg PW 51463,CN00000005,30240.43
NV00000130,Peter Rogers,1968-04-23,MALE,0389253687,wileygregory@example.org,58210 Murphy Squares East Madelinebury NH 85696,CN00000007,10651.22
NV00000131,Donald Daniel,1977-08-17,FEMALE,0905902922,mcgrathrobert@example.org,5151 Megan Keys Suite 156 Lake Matthew KY 07568,CN00000009,45156.79
NV00000132,Julie Cooper,1988-03-24,FEMALE,0564712844,lindazamora@example.net,Unit 1523 Box 1147 DPO AE 32574,CN00000006,7648.91
NV00000133,Oscar Rogers,1984-08-30,MALE,0975854670,jonesjoshua@example.com,612 Sullivan Groves Amymouth PR 65882,CN00000004,30007.81
NV00000134,Michael Smith,2000-08-06,MALE,0912391327,kevans@example.org,3610 Austin Pine Suite 849 Lake Jeremy NY 51629,CN00000003,40068.58
NV00000135,Susan Owen,2005-08-31,MALE,0744320220,ugilbert@example.com,837 Wade Club Apt. 070 Jeremyton AR 23273,CN00000004,46877.05
NV00000136,Monica Jones,1989-09-01,FEMALE,0322331388,brandi55@example.com,2587 Lisa Passage Coreyberg CT 97975,CN00000001,36408.39
NV00000137,Lauren Palmer,2003-11-15,FEMALE,0982459834,john93@example.net,5058 Kaylee Summit Apt. 433 Matthewbury DE 21393,CN00000004,48771.5
NV00000138,Melissa Logan,1993-01-16,MALE,0658669924,alexandra59@example.net,98621 Susan Centers Coxland TN 09497,CN00000006,26532.13
NV00000139,Evelyn Jefferson,2005-09-11,MALE,0246529044,browngarrett@example.com,40957 Skinner Streets Suite 168 South Kelly GU 78906,CN00000008,34430.33
NV00000140,Erin Kim,1965-06-07,FEMALE,0524960757,rodriguezelaine@example.org,2894 Smith Lakes Huffmanshire NE 42933,CN00000007,42680.06
NV00000141,Danny Anderson,1982-10-26,FEMALE,0800170213,leonkimberly@example.com,78810 Michael Inlet Apt. 009 East Bethmouth NJ 29466,CN00000004,21229.99
NV00000142,Laura Barber,1995-01-31,MALE,0251594367,bhernandez@example.net,590 Linda Drive Suite 770 Mckinneytown TX 82745,CN00000004,21043.99
NV00000143,Scott Patel,1990-10-25,FEMALE,0860482334,rachelthomas@example.net,55584 Julie Run West William AK 13640,CN00000010,17609.96
NV00000144,Heather Chaney,1993-04-22,FEMALE,0383785219,xmiller@example.com,7092 Laura Turnpike Apt. 243 Silvaborough TX 89462,CN00000007,18669.36
NV00000145,Henry Kelly,1985-03-06,MALE,0329521425,bgibson@example.com,7142 James Garden Suite 173 Anthonyview MD 89382,CN00000008,25301.65
NV00000146,Carol Taylor,1996-03-07,MALE,0852760390,jamie86@example.org,PSC 9395 Box 3367 APO AP 33940,CN00000010,37633.49
NV00000147,Caitlin Schultz,1977-06-02,MALE,0486477787,perezmelissa@example.com,4239 Briggs Radial Belltown WI 19528,CN00000001,18706.28
NV00000148,Michael Norman,1992-08-07,MALE,0939982723,garciajonathan@example.com,PSC 5403 Box 6424 APO AP 24233,CN00000007,18855.92
NV00000149,Ian Garcia,1981-05-10,MALE,0922912710,michelle51@example.net,2081 Amy Glens West Michael KS 31192,CN00000001,42255.32
NV00000150,Linda Carter,1966-06-28,FEMALE,0183453418,davidmooney@example.com,703 Bryant Plains Suite 447 Wellsberg MN 92439,CN00000003,26859.22
NV00000151,Megan Miles,1993-09-07,FEMALE,0183407084,xpark@example.com,141 Brooks Squares Port Patricia AR 12875,CN00000007,30263.1
NV00000152,Gregory Sanchez,2003-02-11,FEMALE,0443682625,wchoi@example.org,681 Taylor Isle Luisside GU 44450,CN00000001,49529.64
NV00000153,Laura Hunter,1977-04-05,MALE,0429236968,qbarnes@example.com,96121 House Stravenue Apt. 404 East Christinefort CT 90081,CN00000010,44928.54
NV00000154,Bridget Griffith,1995-10-10,MALE,0592501218,mark18@example.org,383 Jacob Views Martinfurt MN 67450,CN00000005,37693.23
NV00000155,Denise Wagner,1983-01-21,MALE,0230631950,rebecca88@example.com,58083 Jodi Hill East Andrew WI 43838,CN00000008,34776.51
NV00000156,Sandra Lewis,1966-12-22,FEMALE,0175981207,anna94@example.net,78419 Tiffany Parkway Apt. 323 Thompsonview WV 05298,CN00000007,30231.64
NV00000157,Charlotte Sullivan,1992-11-16,MALE,0224032643,anthony16@example.org,6957 Melissa Locks Oconnortown CA 97846,CN00000001,45663.99
NV00000158,Jeanette Sanchez,2001-08-18,MALE,0923371037,zbyrd@example.org,977 Gibson Drives Apt. 064 Stewartfurt CT 03534,CN00000003,29706.8
NV00000159,John Richards,1971-12-07,FEMALE,0616089627,sydneyevans@example.org,04471 Morgan Bypass Port Paul WA 63269,CN00000008,21520.28
NV00000160,Dennis Wolf,1988-10-20,MALE,0486616547,hhaas@example.org,354 Cassie Loaf West Jacqueline WY 03698,CN00000004,44078.29
NV00000161,Brent Brown,1974-06-21,FEMALE,0612259310,othomas@example.com,1761 Joshua Hills Apt. 160 Antonioview AS 08853,CN00000008,27012.81
NV00000162,Mr. Paul Orr III,1999-07-08,MALE,0720125230,graceking@example.org,1030 Holloway Hollow Apt. 607 New Briana NJ 72489,CN00000004,19309.82
NV00000163,Allen Payne,1983-06-11,MALE,0781927343,clee@example.net,088 Nunez Freeway Rhondafurt KY 22240,CN00000001,32722.78
NV00000164,Stephen Craig,1998-03-21,FEMALE,0549436192,rileyhenderson@example.com,054 Potts Island Suite 556 New Samantha CO 36299,CN00000008,28432.75
NV00000165,Theresa King,1983-07-21,MALE,0622223757,gonzalezkeith@example.com,2337 Anthony Fork Kimberlyburgh WI 96090,CN00000009,28897.67
NV00000166,Nancy Evans,1966-04-17,MALE,0584334874,xnavarro@example.org,PSC 5665 Box 5296 APO AE 08742,CN00000003,24347.92
NV00000167,Michele Gonzalez,1999-04-07,FEMALE,0954513877,allisonhampton@example.net,6065 Christina Glen Apt. 783 Elizabethburgh MA 55424,CN00000007,46627.47
NV00000168,Jessica Barrett,2001-10-14,FEMALE,0724763944,yalvarado@example.com,2886 Tyler Rapids Port Alexandriaville MA 82815,CN00000008,42775.03
NV00000169,Mr. Ricardo Pennington,1982-08-13,FEMALE,0555014804,krivera@example.org,371 Richards Views Mannton WV 24053,CN00000003,45394.95
NV00000170,Jeanette Mendoza,1989-07-24,FEMALE,0557842257,kevin20@example.org,26685 Jessica Circles Christianburgh AK 17629,CN00000008,17615.29
NV00000171,Matthew Young,1998-04-30,FEMALE,0309238386,richardwilson@example.org,512 York Row Apt. 207 Mcintyreview DE 23862,CN00000009,27609.93
NV00000172,Adam Hawkins,1986-02-28,MALE,0904534733,tdavis@example.org,77194 Joshua Radial Christopherview MH 26465,CN00000002,22143.68
NV00000173,Jessica Welch,1965-11-30,MALE,0565464837,carolynthompson@example.org,PSC 2125 Box 7655 APO AP 57244,CN00000008,15289.6
NV00000174,Erik Olson,1992-10-06,MALE,0670138031,jamie42@example.net,5351 Shelby Plains New Christopherfort NC 24244,CN00000005,46492.94
NV00000175,Jennifer Patel,1991-07-12,FEMALE,0627362276,adam47@example.com,24052 Duffy Landing Martinezside NE 53858,CN00000004,23016.37
NV00000176,Shaun Bailey,2002-07-04,FEMALE,0605108249,hartmanjustin@example.com,948 Lara Parkways Mosesville TN 85877,CN00000008,6348.11
NV00000177,Heather Johnson DDS,2006-09-05,MALE,0740791131,dianewhite@example.net,USNS Donaldson FPO AP 43145,CN00000009,19382.47
NV00000178,Michelle Johnson,1965-05-10,FEMALE,0147598881,ricky02@example.com,57912 Andrew Hill West Cathy NH 09921,CN00000008,27402.81
NV00000179,Amy Henry,1970-12-29,FEMALE,0472712408,cole12@example.com,42084 Luis Road Beckport SD 20997,CN00000002,21307.02
NV00000180,Mark Kelly,2003-10-15,FEMALE,0415684933,vmitchell@example.org,USS Burns FPO AE 44730,CN00000007,46610.1
NV00000181,Joshua Marquez,1991-12-09,FEMALE,0240674143,pparker@example.com,08552 Laurie Club Apt. 126 Fletcherburgh GU 22429,CN00000002,12584.03
NV00000182,Glenn West,1970-05-29,MALE,0886855342,jenniferdiaz@example.com,Unit 3218 Box 4249 DPO AP 95300,CN00000008,25779.21
NV00000183,Richard Davis,1974-06-08,FEMALE,0926660600,jason80@example.net,354 Morgan Walk Apt. 350 Port Davidberg TN 65112,CN00000006,11675.07
NV00000184,Kyle Blackburn,1999-07-29,FEMALE,0432695118,schultzjesse@example.net,46073 John Ville Paynebury MA 61803,CN00000005,7965.95
NV00000185,Catherine Martin,1978-08-17,FEMALE,0444259627,mitchellelizabeth@example.org,8613 Fisher Cliffs Suite 107 Port Dawnland NE 83814,CN00000005,13707.64
NV00000186,Deborah Fields,1966-03-10,MALE,0230019740,jose49@example.net,807 Yvette Viaduct Lake Bradley KS 26597,CN00000004,11619.9
NV00000187,Thomas Martinez,1975-10-23,FEMALE,0237752960,joshua22@example.com,67078 Sharon Radial South David ME 05066,CN00000008,39863.14
NV00000188,Stephanie Wallace,1995-08-09,MALE,0395362369,graykristina@example.org,88180 Young Place Suite 719 East Scottbury PA 28629,CN00000006,42682.87
NV00000189,Matthew Miller,1992-01-02,MALE,0417213752,rpatel@example.net,959 Kyle Plaza Suite 626 Juarezville NE 64903,CN00000001,48616.17
NV00000190,Mrs. Kaylee Fischer DVM,1997-06-14,FEMALE,0291204233,timothy45@example.org,USCGC Smith FPO AE 80602,CN00000007,6074.98
NV00000191,Kenneth Goodwin,1983-04-20,FEMALE,0974647494,mdunn@example.org,3915 White Club East Carolynstad MO 78889,CN00000008,33124.47
NV00000192,Jason Bailey,1990-01-17,FEMALE,0218644370,ethanpotts@example.com,723 English Turnpike Vasquezland MO 64266,CN00000001,38900.26
NV00000193,Vicki Harris,1997-02-28,FEMALE,0622557747,xmcknight@example.net,2670 Erik Terrace Suite 427 Port Kayla VI 71334,CN00000007,13726.9
NV00000194,Bryan Simmons,1985-07-09,FEMALE,0876140838,olsonbradley@example.com,371 Jones Fork Jamesburgh IN 60422,CN00000008,40976.74
NV00000195,Jonathan Campbell,1992-05-03,MALE,0298025132,xmercado@example.org,54676 Allen Village South Jeremybury CO 66396,CN00000006,5734.05
NV00000196,Ashley Boyd,1999-06-11,FEMALE,0160680968,ryan88@example.com,9581 Katie Wall South Derrick IN 27930,CN00000009,27024.77
NV00000197,Roger Moore,1989-12-06,FEMALE,0494295937,jessicastephens@example.com,9129 Thomas Stream Suite 389 Dustinton OK 75285,CN00000001,13465.42
NV00000198,Patrick Davis,1991-03-08,MALE,0727127645,cooktrevor@example.org,99171 Baker Valleys Daviston VT 55289,CN00000005,41376.27
NV00000199,Anthony Noble,1986-10-22,FEMALE,0684890705,hsloan@example.com,3320 Theresa Mills East Alexandraburgh NY 40234,CN00000003,13774.69
NV00000200,Anthony Mejia,2001-12-16,FEMALE,0789312752,whitejohn@example.com,5862 Roth Shore East Elizabethfurt AR 26299,CN00000009,6248.46
